Project,ScanDate,DependencyName,DependencyPath,Description,License,Md5,Sha1,Identifiers,CPE,CVE,CWE,Vulnerability,Source,CVSSv2_Severity,CVSSv2_Score,CVSSv2,CVSSv3_BaseSeverity,CVSSv3_BaseScore,CVSSv3,CPE Confidence,Evidence Count
micropipeline #46,"Wed, 8 Jun 2022 17:11:43 +0300",async:2.6.3,/var/lib/jenkins/workspace/micropipeline/package-lock.json?/async:2.6.3,Higher-order functions and common patterns for asynchronous code,MIT,,,pkg:npm/async@2.6.3,cpe:2.3:a:async_project:async:2.6.3:*:*:*:*:*:*:*,CVE-2021-43138,CWE-1321,"In Async before 2.6.4 and 3.x before 3.2.2, a malicious user can obtain privileges via the mapValues() method, aka lib/internal/iterator.js createObjectIterator prototype pollution.",NVD,MEDIUM,6.8,/AV:N/AC:M/Au:N/C:P/I:P/A:P,HIGH,7.8,CVSS:3.1/AV:L/AC:L/PR:N/UI:R/S:U/C:H/I:H/A:H,HIGHEST,8
micropipeline #46,"Wed, 8 Jun 2022 17:11:43 +0300",fb-watchman:2.0.1,/var/lib/jenkins/workspace/micropipeline/package-lock.json?/fb-watchman:2.0.1,Bindings for the Watchman file watching service,Apache-2.0,,,pkg:npm/fb-watchman@2.0.1,,CVE-2022-21944,CWE-59 Improper Link Resolution Before File Access ('Link Following'),"A UNIX Symbolic Link (Symlink) Following vulnerability in the systemd service file for watchman of openSUSE Backports SLE-15-SP3, Factory allows local attackers to escalate to root. This issue affects: openSUSE Backports SLE-15-SP3 watchman versions prior to 4.9.0. openSUSE Factory watchman versions prior to 4.9.0-9.1.",OSSINDEX,HIGH,7.8,/AV:L/AC:L/Au:/C:H/I:H/A:H,,,,HIGHEST,8
micropipeline #46,"Wed, 8 Jun 2022 17:11:43 +0300",minimist:1.2.5,/var/lib/jenkins/workspace/micropipeline/package-lock.json?/minimist:1.2.5,parse argument options,MIT,,,pkg:npm/minimist@1.2.5,cpe:2.3:a:substack:minimist:1.2.5:*:*:*:*:*:*:*,CVE-2021-44906,CWE-1321,"Minimist <=1.2.5 is vulnerable to Prototype Pollution via file index.js, function setKey() (lines 69-95).",NVD,HIGH,7.5,/AV:N/AC:L/Au:N/C:P/I:P/A:P,CRITICAL,9.8,CVSS:3.1/AV:N/AC:L/PR:N/UI:N/S:U/C:H/I:H/A:H,HIGHEST,9
micropipeline #46,"Wed, 8 Jun 2022 17:11:43 +0300",node-forge:1.2.1,/var/lib/jenkins/workspace/micropipeline/package-lock.json?/node-forge:1.2.1,"JavaScript implementations of network transports, cryptography, ciphers, PKI, message digests, and various utilities.",(BSD-3-Clause OR GPL-2.0),,,pkg:npm/node-forge@1.2.1,,CVE-2022-24771,CWE-347 Improper Verification of Cryptographic Signature,"Forge (also called `node-forge`) is a native implementation of Transport Layer Security in JavaScript. Prior to version 1.3.0, RSA PKCS#1 v1.5 signature verification code is lenient in checking the digest algorithm structure. This can allow a crafted structure that steals padding bytes and uses unchecked portion of the PKCS#1 encoded message to forge a signature when a low public exponent is being used. The issue has been addressed in `node-forge` version 1.3.0. There are currently no known workarounds.",OSSINDEX,HIGH,7.5,/AV:N/AC:L/Au:/C:N/I:H/A:N,,,,HIGHEST,11
micropipeline #46,"Wed, 8 Jun 2022 17:11:43 +0300",node-forge:1.2.1,/var/lib/jenkins/workspace/micropipeline/package-lock.json?/node-forge:1.2.1,"JavaScript implementations of network transports, cryptography, ciphers, PKI, message digests, and various utilities.",(BSD-3-Clause OR GPL-2.0),,,pkg:npm/node-forge@1.2.1,,CVE-2022-24772,CWE-347 Improper Verification of Cryptographic Signature,"Forge (also called `node-forge`) is a native implementation of Transport Layer Security in JavaScript. Prior to version 1.3.0, RSA PKCS#1 v1.5 signature verification code does not check for tailing garbage bytes after decoding a `DigestInfo` ASN.1 structure. This can allow padding bytes to be removed and garbage data added to forge a signature when a low public exponent is being used. The issue has been addressed in `node-forge` version 1.3.0. There are currently no known workarounds.",OSSINDEX,HIGH,7.5,/AV:N/AC:L/Au:/C:N/I:H/A:N,,,,HIGHEST,11
micropipeline #46,"Wed, 8 Jun 2022 17:11:43 +0300",node-forge:1.2.1,/var/lib/jenkins/workspace/micropipeline/package-lock.json?/node-forge:1.2.1,"JavaScript implementations of network transports, cryptography, ciphers, PKI, message digests, and various utilities.",(BSD-3-Clause OR GPL-2.0),,,pkg:npm/node-forge@1.2.1,,CVE-2022-24773,CWE-347 Improper Verification of Cryptographic Signature,"Forge (also called `node-forge`) is a native implementation of Transport Layer Security in JavaScript. Prior to version 1.3.0, RSA PKCS#1 v1.5 signature verification code does not properly check `DigestInfo` for a proper ASN.1 structure. This can lead to successful verification with signatures that contain invalid structures but a valid digest. The issue has been addressed in `node-forge` version 1.3.0. There are currently no known workarounds.",OSSINDEX,MEDIUM,5.3,/AV:N/AC:L/Au:/C:N/I:L/A:N,,,,HIGHEST,11
,,,,,,,,,,CVE-2012-2027,,,,,,,,,,,
,,,,,,,,,,CVE-2021-41277,,,,,,,,,,,
,,,,,,,,,,CVE-2021-39433,,,,,,,,,,,
